{"cameraMode":{"drawMode":0,"name":"Shaded","section":"Shading Mode"},"sceneLighting":true,"audioPlay":false,"sceneViewState":{"showFog":true,"showMaterialUpdate":false,"showSkybox":true,"showFlares":true,"showImageEffects":true,"showParticleSystems":true},"in2DMode":false,"pivot":{"x":132.60458374023438,"y":-64.06473541259766,"z":-159.49652099609376},"rotation":{"x":0.11314500123262406,"y":0.38911518454551699,"z":-0.04822443053126335,"w":0.9129418730735779},"size":694.9698486328125,"orthographic":false}