{"cameraMode":{"drawMode":0,"name":"Shaded","section":"Shading Mode"},"sceneLighting":true,"audioPlay":false,"sceneViewState":{"showFog":true,"showMaterialUpdate":false,"showSkybox":true,"showFlares":true,"showImageEffects":true,"showParticleSystems":true},"in2DMode":false,"pivot":{"x":5.887716293334961,"y":-172.38751220703126,"z":23.914634704589845},"rotation":{"x":0.10509349405765534,"y":-0.019980989396572114,"z":0.002112777903676033,"w":0.9942596554756165},"size":802.7218627929688,"orthographic":false}